AACP;AACP
AAVP;AAVP
ADRP;ADRP
ASUP;ASUP
ATCP;ATCP
BASP;BASP
BDPP;BDPP
BPRP;BPRP
CCAP;CCAP
CIFP;CIFP
CINP;CINP
CONP;CONP
CPNP;CPNP
CRMP;CRMP
CTLP;CTLP
CYAP;CYAP
DMCP;DMCP
DUDP;DUDP
DUNO;DUNO
EACP;EACP
EMBP;EMBP
EXTP;EXTP
FINP;FINP
FOAP;FOAP
FOPP;FOPP
GACP;GACP
GCAP;GCAP
GENR;GENR
HANP;HANP
IBCP;IBCP
IGCP;IGCP
IMPP;IMPP
INCI;INCI
INCP;INCP
INEP;INEP
KAMP;KAMP
KARP;KARP
KUCP;KUCP
LIQP;LIQP
LIZP;LIZP
MKTP;MKTP
MPIP;MPIP
NPEP;NPEP
ODIP;ODIP
OMFP;OMFP
OMTP;OMTP
OSAP;OSAP
PCIP;PCIP
PEIP;PEIP
PERP;PERP
POSP;POSP
PPLP;PPLP
PRGP;PRGP
PRJP;PRJP
PRTP;PRTP
PSOP;PSOP
PSVP;PSVP
PVIP;PVIP
PVOP;PVOP
RCAP;RCAP
RCVP;RCVP
RECP;RECP
RFIP;RFIP
RGIP;RGIP
RIEP;RIEP
SAAP;SAAP
SACP;SACP
SAIP;SAIP
SAKP;SAKP
SAOP;SAOP
SCIP;SCIP
SDSP;SDSP
SERP;SERP
SFCP;SFCP
SIAP;SIAP
SPEP;SPEP
STDP;STDP
STIP;STIP
STSP;STSP
TCIP;TCIP
TEST;TEST
TIP;TIP
TIPP;TIPP
TKSP;TKSP
TRAP;TRAP
TRCP;TRCP
VAIP;VAIP
WCIP;WCIP
